<?xml version="1.0" encoding="ISO-8859-1" ?>
<link_info>
   <banner>TI ARM Linker PC v20.2.7.LTS</banner>
   <copyright>Copyright (c) 1996-2018 Texas Instruments Incorporated</copyright>
   <link_time>0x6760dff0</link_time>
   <link_errors>0x0</link_errors>
   <output_file>MyProject.out</output_file>
   <entry_point>
      <name>_c_int00_noargs</name>
      <address>0x605</address>
   </entry_point>
   <input_file_list>
      <input_file id="fl-2">
         <path>.\</path>
         <kind>object</kind>
         <file>Clock.obj</file>
         <name>Clock.obj</name>
      </input_file>
      <input_file id="fl-3">
         <path>.\</path>
         <kind>object</kind>
         <file>main.obj</file>
         <name>main.obj</name>
      </input_file>
      <input_file id="fl-4">
         <path>.\</path>
         <kind>object</kind>
         <file>startup_msp432p401r_ccs.obj</file>
         <name>startup_msp432p401r_ccs.obj</name>
      </input_file>
      <input_file id="fl-5">
         <path>.\</path>
         <kind>object</kind>
         <file>system_msp432p401r.obj</file>
         <name>system_msp432p401r.obj</name>
      </input_file>
      <input_file id="fl-9">
         <kind>object</kind>
         <file>&lt;internal&gt;</file>
         <name>&lt;internal&gt;</name>
      </input_file>
      <input_file id="fl-bf">
         <path>C:\ti\ccs1270\ccs\tools\compiler\ti-cgt-arm_20.2.7.LTS\lib\</path>
         <kind>archive</kind>
         <file>rtsv7M4_T_le_v4SPD16_eabi.lib</file>
         <name>copy_zero_init.c.obj</name>
      </input_file>
      <input_file id="fl-c0">
         <path>C:\ti\ccs1270\ccs\tools\compiler\ti-cgt-arm_20.2.7.LTS\lib\</path>
         <kind>archive</kind>
         <file>rtsv7M4_T_le_v4SPD16_eabi.lib</file>
         <name>copy_decompress_none.c.obj</name>
      </input_file>
      <input_file id="fl-c1">
         <path>C:\ti\ccs1270\ccs\tools\compiler\ti-cgt-arm_20.2.7.LTS\lib\</path>
         <kind>archive</kind>
         <file>rtsv7M4_T_le_v4SPD16_eabi.lib</file>
         <name>copy_decompress_lzss.c.obj</name>
      </input_file>
      <input_file id="fl-c2">
         <path>C:\ti\ccs1270\ccs\tools\compiler\ti-cgt-arm_20.2.7.LTS\lib\</path>
         <kind>archive</kind>
         <file>rtsv7M4_T_le_v4SPD16_eabi.lib</file>
         <name>boot_cortex_m.c.obj</name>
      </input_file>
      <input_file id="fl-c3">
         <path>C:\ti\ccs1270\ccs\tools\compiler\ti-cgt-arm_20.2.7.LTS\lib\</path>
         <kind>archive</kind>
         <file>rtsv7M4_T_le_v4SPD16_eabi.lib</file>
         <name>memcpy_t2.asm.obj</name>
      </input_file>
      <input_file id="fl-c4">
         <path>C:\ti\ccs1270\ccs\tools\compiler\ti-cgt-arm_20.2.7.LTS\lib\</path>
         <kind>archive</kind>
         <file>rtsv7M4_T_le_v4SPD16_eabi.lib</file>
         <name>memset_t2.asm.obj</name>
      </input_file>
      <input_file id="fl-c5">
         <path>C:\ti\ccs1270\ccs\tools\compiler\ti-cgt-arm_20.2.7.LTS\lib\</path>
         <kind>archive</kind>
         <file>rtsv7M4_T_le_v4SPD16_eabi.lib</file>
         <name>autoinit.c.obj</name>
      </input_file>
      <input_file id="fl-c6">
         <path>C:\ti\ccs1270\ccs\tools\compiler\ti-cgt-arm_20.2.7.LTS\lib\</path>
         <kind>archive</kind>
         <file>rtsv7M4_T_le_v4SPD16_eabi.lib</file>
         <name>pre_init.c.obj</name>
      </input_file>
      <input_file id="fl-c7">
         <path>C:\ti\ccs1270\ccs\tools\compiler\ti-cgt-arm_20.2.7.LTS\lib\</path>
         <kind>archive</kind>
         <file>rtsv7M4_T_le_v4SPD16_eabi.lib</file>
         <name>cpy_tbl.c.obj</name>
      </input_file>
      <input_file id="fl-c8">
         <path>C:\ti\ccs1270\ccs\tools\compiler\ti-cgt-arm_20.2.7.LTS\lib\</path>
         <kind>archive</kind>
         <file>rtsv7M4_T_le_v4SPD16_eabi.lib</file>
         <name>exit.c.obj</name>
      </input_file>
      <input_file id="fl-c9">
         <path>C:\ti\ccs1270\ccs\tools\compiler\ti-cgt-arm_20.2.7.LTS\lib\</path>
         <kind>archive</kind>
         <file>rtsv7M4_T_le_v4SPD16_eabi.lib</file>
         <name>_lock.c.obj</name>
      </input_file>
      <input_file id="fl-ca">
         <path>C:\ti\ccs1270\ccs\tools\compiler\ti-cgt-arm_20.2.7.LTS\lib\</path>
         <kind>archive</kind>
         <file>rtsv7M4_T_le_v4SPD16_eabi.lib</file>
         <name>args_main.c.obj</name>
      </input_file>
   </input_file_list>
   <object_component_list>
      <object_component id="oc-26">
         <name>.intvecs:retain</name>
         <load_address>0x0</load_address>
         <run_address>0x0</run_address>
         <size>0xe4</size>
         <input_file_ref idref="fl-4"/>
      </object_component>
      <object_component id="oc-a5">
         <name>.text</name>
         <load_address>0xe4</load_address>
         <run_address>0xe4</run_address>
         <size>0x1e0</size>
         <input_file_ref idref="fl-5"/>
      </object_component>
      <object_component id="oc-c3">
         <name>.text</name>
         <load_address>0x2c4</load_address>
         <run_address>0x2c4</run_address>
         <size>0x13c</size>
         <input_file_ref idref="fl-2"/>
      </object_component>
      <object_component id="oc-93">
         <name>.text</name>
         <load_address>0x400</load_address>
         <run_address>0x400</run_address>
         <size>0xbc</size>
         <input_file_ref idref="fl-3"/>
      </object_component>
      <object_component id="oc-37">
         <name>.text</name>
         <load_address>0x4bc</load_address>
         <run_address>0x4bc</run_address>
         <size>0x9c</size>
         <input_file_ref idref="fl-c3"/>
      </object_component>
      <object_component id="oc-17">
         <name>.text:decompress:lzss:__TI_decompress_lzss</name>
         <load_address>0x558</load_address>
         <run_address>0x558</run_address>
         <size>0x68</size>
         <input_file_ref idref="fl-c1"/>
      </object_component>
      <object_component id="oc-d7">
         <name>.text:__TI_auto_init_nobinit_nopinit:__TI_auto_init_nobinit_nopinit</name>
         <load_address>0x5c0</load_address>
         <run_address>0x5c0</run_address>
         <size>0x44</size>
         <input_file_ref idref="fl-c5"/>
      </object_component>
      <object_component id="oc-55">
         <name>.text:_c_int00_noargs:_c_int00_noargs</name>
         <load_address>0x604</load_address>
         <run_address>0x604</run_address>
         <size>0x34</size>
         <input_file_ref idref="fl-c2"/>
      </object_component>
      <object_component id="oc-1d">
         <name>.text:decompress:none:__TI_decompress_none</name>
         <load_address>0x638</load_address>
         <run_address>0x638</run_address>
         <size>0xe</size>
         <input_file_ref idref="fl-c0"/>
      </object_component>
      <object_component id="oc-67">
         <name>.text</name>
         <load_address>0x646</load_address>
         <run_address>0x646</run_address>
         <size>0xe</size>
         <input_file_ref idref="fl-4"/>
      </object_component>
      <object_component id="oc-8d">
         <name>.text:_system_pre_init</name>
         <load_address>0x654</load_address>
         <run_address>0x654</run_address>
         <size>0x4</size>
         <input_file_ref idref="fl-c6"/>
      </object_component>
      <object_component id="oc-cb">
         <name>.text:abort:abort</name>
         <load_address>0x658</load_address>
         <run_address>0x658</run_address>
         <size>0x4</size>
         <input_file_ref idref="fl-c8"/>
      </object_component>
      <object_component id="oc-1b4">
         <name>.cinit..data.load</name>
         <load_address>0x660</load_address>
         <run_address>0x660</run_address>
         <size>0xd</size>
      </object_component>
      <object_component id="oc-1b2">
         <name>__TI_handler_table</name>
         <load_address>0x670</load_address>
         <run_address>0x670</run_address>
         <size>0x8</size>
      </object_component>
      <object_component id="oc-1b3">
         <name>__TI_cinit_table</name>
         <load_address>0x678</load_address>
         <run_address>0x678</run_address>
         <size>0x8</size>
      </object_component>
      <object_component id="oc-186">
         <name>.binit</name>
         <load_address>0x0</load_address>
         <run_address>0x0</run_address>
         <size>0x0</size>
      </object_component>
      <object_component id="oc-118">
         <name>.data</name>
         <load_address>0x20000000</load_address>
         <run_address>0x20000000</run_address>
         <size>0x18</size>
         <input_file_ref idref="fl-2"/>
      </object_component>
      <object_component id="oc-109">
         <name>.data</name>
         <load_address>0x20000018</load_address>
         <run_address>0x20000018</run_address>
         <size>0x4</size>
         <input_file_ref idref="fl-5"/>
      </object_component>
      <object_component id="oc-29">
         <name>.stack</name>
         <uninitialized>true</uninitialized>
         <run_address>0x2000fe00</run_address>
         <size>0x4</size>
         <input_file_ref idref="fl-c2"/>
      </object_component>
      <object_component id="oc-1b6">
         <name>.stack</name>
         <uninitialized>true</uninitialized>
         <run_address>0x2000fe00</run_address>
         <size>0x0</size>
      </object_component>
      <object_component id="oc-117">
         <name>.debug_info</name>
         <load_address>0x0</load_address>
         <run_address>0x0</run_address>
         <size>0x522</size>
         <input_file_ref idref="fl-2"/>
      </object_component>
      <object_component id="oc-119">
         <name>.debug_info</name>
         <load_address>0x522</load_address>
         <run_address>0x522</run_address>
         <size>0x17e</size>
         <input_file_ref idref="fl-2"/>
      </object_component>
      <object_component id="oc-c6">
         <name>.debug_info</name>
         <load_address>0x6a0</load_address>
         <run_address>0x6a0</run_address>
         <size>0x29b</size>
         <input_file_ref idref="fl-2"/>
      </object_component>
      <object_component id="oc-14c">
         <name>.debug_info</name>
         <load_address>0x93b</load_address>
         <run_address>0x93b</run_address>
         <size>0x37e2</size>
         <input_file_ref idref="fl-2"/>
      </object_component>
      <object_component id="oc-ae">
         <name>.debug_info</name>
         <load_address>0x411d</load_address>
         <run_address>0x411d</run_address>
         <size>0x26b</size>
         <input_file_ref idref="fl-2"/>
      </object_component>
      <object_component id="oc-123">
         <name>.debug_info</name>
         <load_address>0x4388</load_address>
         <run_address>0x4388</run_address>
         <size>0x1055</size>
         <input_file_ref idref="fl-2"/>
      </object_component>
      <object_component id="oc-32">
         <name>.debug_info</name>
         <load_address>0x53dd</load_address>
         <run_address>0x53dd</run_address>
         <size>0x84</size>
         <input_file_ref idref="fl-2"/>
      </object_component>
      <object_component id="oc-112">
         <name>.debug_info</name>
         <load_address>0x5461</load_address>
         <run_address>0x5461</run_address>
         <size>0x2a4</size>
         <input_file_ref idref="fl-2"/>
      </object_component>
      <object_component id="oc-10d">
         <name>.debug_info</name>
         <load_address>0x5705</load_address>
         <run_address>0x5705</run_address>
         <size>0xbb</size>
         <input_file_ref idref="fl-2"/>
      </object_component>
      <object_component id="oc-ca">
         <name>.debug_info</name>
         <load_address>0x57c0</load_address>
         <run_address>0x57c0</run_address>
         <size>0x552</size>
         <input_file_ref idref="fl-3"/>
      </object_component>
      <object_component id="oc-94">
         <name>.debug_info</name>
         <load_address>0x5d12</load_address>
         <run_address>0x5d12</run_address>
         <size>0x32a</size>
         <input_file_ref idref="fl-3"/>
      </object_component>
      <object_component id="oc-11e">
         <name>.debug_info</name>
         <load_address>0x603c</load_address>
         <run_address>0x603c</run_address>
         <size>0x37e2</size>
         <input_file_ref idref="fl-3"/>
      </object_component>
      <object_component id="oc-6f">
         <name>.debug_info</name>
         <load_address>0x981e</load_address>
         <run_address>0x981e</run_address>
         <size>0x2c1</size>
         <input_file_ref idref="fl-4"/>
      </object_component>
      <object_component id="oc-27">
         <name>.debug_info</name>
         <load_address>0x9adf</load_address>
         <run_address>0x9adf</run_address>
         <size>0xed</size>
         <input_file_ref idref="fl-4"/>
      </object_component>
      <object_component id="oc-6a">
         <name>.debug_info</name>
         <load_address>0x9bcc</load_address>
         <run_address>0x9bcc</run_address>
         <size>0x1b4</size>
         <input_file_ref idref="fl-4"/>
      </object_component>
      <object_component id="oc-10a">
         <name>.debug_info</name>
         <load_address>0x9d80</load_address>
         <run_address>0x9d80</run_address>
         <size>0xe6</size>
         <input_file_ref idref="fl-5"/>
      </object_component>
      <object_component id="oc-a7">
         <name>.debug_info</name>
         <load_address>0x9e66</load_address>
         <run_address>0x9e66</run_address>
         <size>0x252</size>
         <input_file_ref idref="fl-5"/>
      </object_component>
      <object_component id="oc-42">
         <name>.debug_info</name>
         <load_address>0xa0b8</load_address>
         <run_address>0xa0b8</run_address>
         <size>0x2a8</size>
         <input_file_ref idref="fl-c0"/>
      </object_component>
      <object_component id="oc-21">
         <name>.debug_info</name>
         <load_address>0xa360</load_address>
         <run_address>0xa360</run_address>
         <size>0x1ea</size>
         <input_file_ref idref="fl-c0"/>
      </object_component>
      <object_component id="oc-3d">
         <name>.debug_info</name>
         <load_address>0xa54a</load_address>
         <run_address>0xa54a</run_address>
         <size>0x46</size>
         <input_file_ref idref="fl-c0"/>
      </object_component>
      <object_component id="oc-79">
         <name>.debug_info</name>
         <load_address>0xa590</load_address>
         <run_address>0xa590</run_address>
         <size>0x2c</size>
         <input_file_ref idref="fl-c0"/>
      </object_component>
      <object_component id="oc-77">
         <name>.debug_info</name>
         <load_address>0xa5bc</load_address>
         <run_address>0xa5bc</run_address>
         <size>0x29e</size>
         <input_file_ref idref="fl-c1"/>
      </object_component>
      <object_component id="oc-1a">
         <name>.debug_info</name>
         <load_address>0xa85a</load_address>
         <run_address>0xa85a</run_address>
         <size>0x250</size>
         <input_file_ref idref="fl-c1"/>
      </object_component>
      <object_component id="oc-2d">
         <name>.debug_info</name>
         <load_address>0xaaaa</load_address>
         <run_address>0xaaaa</run_address>
         <size>0x60</size>
         <input_file_ref idref="fl-c1"/>
      </object_component>
      <object_component id="oc-b3">
         <name>.debug_info</name>
         <load_address>0xab0a</load_address>
         <run_address>0xab0a</run_address>
         <size>0x46</size>
         <input_file_ref idref="fl-c1"/>
      </object_component>
      <object_component id="oc-72">
         <name>.debug_info</name>
         <load_address>0xab50</load_address>
         <run_address>0xab50</run_address>
         <size>0x39</size>
         <input_file_ref idref="fl-c1"/>
      </object_component>
      <object_component id="oc-2a">
         <name>.debug_info</name>
         <load_address>0xab89</load_address>
         <run_address>0xab89</run_address>
         <size>0x10b</size>
         <input_file_ref idref="fl-c2"/>
      </object_component>
      <object_component id="oc-58">
         <name>.debug_info</name>
         <load_address>0xac94</load_address>
         <run_address>0xac94</run_address>
         <size>0x1a9</size>
         <input_file_ref idref="fl-c2"/>
      </object_component>
      <object_component id="oc-3a">
         <name>.debug_info</name>
         <load_address>0xae3d</load_address>
         <run_address>0xae3d</run_address>
         <size>0x119</size>
         <input_file_ref idref="fl-c3"/>
      </object_component>
      <object_component id="oc-133">
         <name>.debug_info</name>
         <load_address>0xaf56</load_address>
         <run_address>0xaf56</run_address>
         <size>0x4b3</size>
         <input_file_ref idref="fl-c5"/>
      </object_component>
      <object_component id="oc-da">
         <name>.debug_info</name>
         <load_address>0xb409</load_address>
         <run_address>0xb409</run_address>
         <size>0x1a6</size>
         <input_file_ref idref="fl-c5"/>
      </object_component>
      <object_component id="oc-163">
         <name>.debug_info</name>
         <load_address>0xb5af</load_address>
         <run_address>0xb5af</run_address>
         <size>0x39</size>
         <input_file_ref idref="fl-c5"/>
      </object_component>
      <object_component id="oc-177">
         <name>.debug_info</name>
         <load_address>0xb5e8</load_address>
         <run_address>0xb5e8</run_address>
         <size>0x39</size>
         <input_file_ref idref="fl-c5"/>
      </object_component>
      <object_component id="oc-168">
         <name>.debug_info</name>
         <load_address>0xb621</load_address>
         <run_address>0xb621</run_address>
         <size>0x39</size>
         <input_file_ref idref="fl-c5"/>
      </object_component>
      <object_component id="oc-16d">
         <name>.debug_info</name>
         <load_address>0xb65a</load_address>
         <run_address>0xb65a</run_address>
         <size>0xcd</size>
         <input_file_ref idref="fl-c5"/>
      </object_component>
      <object_component id="oc-90">
         <name>.debug_info</name>
         <load_address>0xb727</load_address>
         <run_address>0xb727</run_address>
         <size>0x153</size>
         <input_file_ref idref="fl-c6"/>
      </object_component>
      <object_component id="oc-ce">
         <name>.debug_info</name>
         <load_address>0xb87a</load_address>
         <run_address>0xb87a</run_address>
         <size>0x122</size>
         <input_file_ref idref="fl-c8"/>
      </object_component>
      <object_component id="oc-1b7">
         <name>.debug_info</name>
         <load_address>0xb99c</load_address>
         <run_address>0xb99c</run_address>
         <size>0x99</size>
      </object_component>
      <object_component id="oc-14b">
         <name>.debug_line</name>
         <load_address>0x0</load_address>
         <run_address>0x0</run_address>
         <size>0x20</size>
         <input_file_ref idref="fl-2"/>
      </object_component>
      <object_component id="oc-152">
         <name>.debug_line</name>
         <load_address>0x20</load_address>
         <run_address>0x20</run_address>
         <size>0x2e</size>
         <input_file_ref idref="fl-2"/>
      </object_component>
      <object_component id="oc-c4">
         <name>.debug_line</name>
         <load_address>0x4e</load_address>
         <run_address>0x4e</run_address>
         <size>0x11e</size>
         <input_file_ref idref="fl-2"/>
      </object_component>
      <object_component id="oc-14f">
         <name>.debug_line</name>
         <load_address>0x16c</load_address>
         <run_address>0x16c</run_address>
         <size>0x58</size>
         <input_file_ref idref="fl-2"/>
      </object_component>
      <object_component id="oc-b1">
         <name>.debug_line</name>
         <load_address>0x1c4</load_address>
         <run_address>0x1c4</run_address>
         <size>0x6f</size>
         <input_file_ref idref="fl-2"/>
      </object_component>
      <object_component id="oc-126">
         <name>.debug_line</name>
         <load_address>0x233</load_address>
         <run_address>0x233</run_address>
         <size>0x5b</size>
         <input_file_ref idref="fl-2"/>
      </object_component>
      <object_component id="oc-35">
         <name>.debug_line</name>
         <load_address>0x28e</load_address>
         <run_address>0x28e</run_address>
         <size>0x20</size>
         <input_file_ref idref="fl-2"/>
      </object_component>
      <object_component id="oc-115">
         <name>.debug_line</name>
         <load_address>0x2ae</load_address>
         <run_address>0x2ae</run_address>
         <size>0x73</size>
         <input_file_ref idref="fl-2"/>
      </object_component>
      <object_component id="oc-110">
         <name>.debug_line</name>
         <load_address>0x321</load_address>
         <run_address>0x321</run_address>
         <size>0x70</size>
         <input_file_ref idref="fl-2"/>
      </object_component>
      <object_component id="oc-11d">
         <name>.debug_line</name>
         <load_address>0x391</load_address>
         <run_address>0x391</run_address>
         <size>0x2e</size>
         <input_file_ref idref="fl-3"/>
      </object_component>
      <object_component id="oc-97">
         <name>.debug_line</name>
         <load_address>0x3bf</load_address>
         <run_address>0x3bf</run_address>
         <size>0xc3</size>
         <input_file_ref idref="fl-3"/>
      </object_component>
      <object_component id="oc-121">
         <name>.debug_line</name>
         <load_address>0x482</load_address>
         <run_address>0x482</run_address>
         <size>0x58</size>
         <input_file_ref idref="fl-3"/>
      </object_component>
      <object_component id="oc-ad">
         <name>.debug_line</name>
         <load_address>0x4da</load_address>
         <run_address>0x4da</run_address>
         <size>0x40</size>
         <input_file_ref idref="fl-4"/>
      </object_component>
      <object_component id="oc-6e">
         <name>.debug_line</name>
         <load_address>0x51a</load_address>
         <run_address>0x51a</run_address>
         <size>0x40</size>
         <input_file_ref idref="fl-4"/>
      </object_component>
      <object_component id="oc-69">
         <name>.debug_line</name>
         <load_address>0x55a</load_address>
         <run_address>0x55a</run_address>
         <size>0x6d</size>
         <input_file_ref idref="fl-4"/>
      </object_component>
      <object_component id="oc-149">
         <name>.debug_line</name>
         <load_address>0x5c7</load_address>
         <run_address>0x5c7</run_address>
         <size>0x3b</size>
         <input_file_ref idref="fl-5"/>
      </object_component>
      <object_component id="oc-a6">
         <name>.debug_line</name>
         <load_address>0x602</load_address>
         <run_address>0x602</run_address>
         <size>0x144</size>
         <input_file_ref idref="fl-5"/>
      </object_component>
      <object_component id="oc-7f">
         <name>.debug_line</name>
         <load_address>0x746</load_address>
         <run_address>0x746</run_address>
         <size>0x20</size>
         <input_file_ref idref="fl-c0"/>
      </object_component>
      <object_component id="oc-1f">
         <name>.debug_line</name>
         <load_address>0x766</load_address>
         <run_address>0x766</run_address>
         <size>0x55</size>
         <input_file_ref idref="fl-c0"/>
      </object_component>
      <object_component id="oc-40">
         <name>.debug_line</name>
         <load_address>0x7bb</load_address>
         <run_address>0x7bb</run_address>
         <size>0x3a</size>
         <input_file_ref idref="fl-c0"/>
      </object_component>
      <object_component id="oc-7c">
         <name>.debug_line</name>
         <load_address>0x7f5</load_address>
         <run_address>0x7f5</run_address>
         <size>0x92</size>
         <input_file_ref idref="fl-c0"/>
      </object_component>
      <object_component id="oc-b9">
         <name>.debug_line</name>
         <load_address>0x887</load_address>
         <run_address>0x887</run_address>
         <size>0x20</size>
         <input_file_ref idref="fl-c1"/>
      </object_component>
      <object_component id="oc-1c">
         <name>.debug_line</name>
         <load_address>0x8a7</load_address>
         <run_address>0x8a7</run_address>
         <size>0xa9</size>
         <input_file_ref idref="fl-c1"/>
      </object_component>
      <object_component id="oc-30">
         <name>.debug_line</name>
         <load_address>0x950</load_address>
         <run_address>0x950</run_address>
         <size>0x3a</size>
         <input_file_ref idref="fl-c1"/>
      </object_component>
      <object_component id="oc-b6">
         <name>.debug_line</name>
         <load_address>0x98a</load_address>
         <run_address>0x98a</run_address>
         <size>0x9a</size>
         <input_file_ref idref="fl-c1"/>
      </object_component>
      <object_component id="oc-75">
         <name>.debug_line</name>
         <load_address>0xa24</load_address>
         <run_address>0xa24</run_address>
         <size>0x96</size>
         <input_file_ref idref="fl-c1"/>
      </object_component>
      <object_component id="oc-71">
         <name>.debug_line</name>
         <load_address>0xaba</load_address>
         <run_address>0xaba</run_address>
         <size>0x33</size>
         <input_file_ref idref="fl-c2"/>
      </object_component>
      <object_component id="oc-5a">
         <name>.debug_line</name>
         <load_address>0xaed</load_address>
         <run_address>0xaed</run_address>
         <size>0x45</size>
         <input_file_ref idref="fl-c2"/>
      </object_component>
      <object_component id="oc-38">
         <name>.debug_line</name>
         <load_address>0xb32</load_address>
         <run_address>0xb32</run_address>
         <size>0x88</size>
         <input_file_ref idref="fl-c3"/>
      </object_component>
      <object_component id="oc-162">
         <name>.debug_line</name>
         <load_address>0xbba</load_address>
         <run_address>0xbba</run_address>
         <size>0xbf</size>
         <input_file_ref idref="fl-c5"/>
      </object_component>
      <object_component id="oc-d9">
         <name>.debug_line</name>
         <load_address>0xc79</load_address>
         <run_address>0xc79</run_address>
         <size>0x6f</size>
         <input_file_ref idref="fl-c5"/>
      </object_component>
      <object_component id="oc-166">
         <name>.debug_line</name>
         <load_address>0xce8</load_address>
         <run_address>0xce8</run_address>
         <size>0x2e</size>
         <input_file_ref idref="fl-c5"/>
      </object_component>
      <object_component id="oc-17a">
         <name>.debug_line</name>
         <load_address>0xd16</load_address>
         <run_address>0xd16</run_address>
         <size>0x9a</size>
         <input_file_ref idref="fl-c5"/>
      </object_component>
      <object_component id="oc-16b">
         <name>.debug_line</name>
         <load_address>0xdb0</load_address>
         <run_address>0xdb0</run_address>
         <size>0x97</size>
         <input_file_ref idref="fl-c5"/>
      </object_component>
      <object_component id="oc-170">
         <name>.debug_line</name>
         <load_address>0xe47</load_address>
         <run_address>0xe47</run_address>
         <size>0x93</size>
         <input_file_ref idref="fl-c5"/>
      </object_component>
      <object_component id="oc-8f">
         <name>.debug_line</name>
         <load_address>0xeda</load_address>
         <run_address>0xeda</run_address>
         <size>0x40</size>
         <input_file_ref idref="fl-c6"/>
      </object_component>
      <object_component id="oc-cd">
         <name>.debug_line</name>
         <load_address>0xf1a</load_address>
         <run_address>0xf1a</run_address>
         <size>0x3c</size>
         <input_file_ref idref="fl-c8"/>
      </object_component>
      <object_component id="oc-c5">
         <name>.debug_frame</name>
         <load_address>0x0</load_address>
         <run_address>0x0</run_address>
         <size>0xc4</size>
         <input_file_ref idref="fl-2"/>
      </object_component>
      <object_component id="oc-98">
         <name>.debug_frame</name>
         <load_address>0xc4</load_address>
         <run_address>0xc4</run_address>
         <size>0xbc</size>
         <input_file_ref idref="fl-3"/>
      </object_component>
      <object_component id="oc-68">
         <name>.debug_frame</name>
         <load_address>0x180</load_address>
         <run_address>0x180</run_address>
         <size>0x6c</size>
         <input_file_ref idref="fl-4"/>
      </object_component>
      <object_component id="oc-aa">
         <name>.debug_frame</name>
         <load_address>0x1ec</load_address>
         <run_address>0x1ec</run_address>
         <size>0x7c</size>
         <input_file_ref idref="fl-5"/>
      </object_component>
      <object_component id="oc-20">
         <name>.debug_frame</name>
         <load_address>0x268</load_address>
         <run_address>0x268</run_address>
         <size>0x54</size>
         <input_file_ref idref="fl-c0"/>
      </object_component>
      <object_component id="oc-19">
         <name>.debug_frame</name>
         <load_address>0x2bc</load_address>
         <run_address>0x2bc</run_address>
         <size>0x60</size>
         <input_file_ref idref="fl-c1"/>
      </object_component>
      <object_component id="oc-57">
         <name>.debug_frame</name>
         <load_address>0x31c</load_address>
         <run_address>0x31c</run_address>
         <size>0x50</size>
         <input_file_ref idref="fl-c2"/>
      </object_component>
      <object_component id="oc-d8">
         <name>.debug_frame</name>
         <load_address>0x36c</load_address>
         <run_address>0x36c</run_address>
         <size>0x5c</size>
         <input_file_ref idref="fl-c5"/>
      </object_component>
      <object_component id="oc-92">
         <name>.debug_frame</name>
         <load_address>0x3c8</load_address>
         <run_address>0x3c8</run_address>
         <size>0x54</size>
         <input_file_ref idref="fl-c6"/>
      </object_component>
      <object_component id="oc-d0">
         <name>.debug_frame</name>
         <load_address>0x41c</load_address>
         <run_address>0x41c</run_address>
         <size>0x54</size>
         <input_file_ref idref="fl-c8"/>
      </object_component>
      <object_component id="oc-14a">
         <name>.debug_abbrev</name>
         <load_address>0x0</load_address>
         <run_address>0x0</run_address>
         <size>0x71</size>
         <input_file_ref idref="fl-2"/>
      </object_component>
      <object_component id="oc-151">
         <name>.debug_abbrev</name>
         <load_address>0x71</load_address>
         <run_address>0x71</run_address>
         <size>0x29</size>
         <input_file_ref idref="fl-2"/>
      </object_component>
      <object_component id="oc-11b">
         <name>.debug_abbrev</name>
         <load_address>0x9a</load_address>
         <run_address>0x9a</run_address>
         <size>0xa9</size>
         <input_file_ref idref="fl-2"/>
      </object_component>
      <object_component id="oc-14e">
         <name>.debug_abbrev</name>
         <load_address>0x143</load_address>
         <run_address>0x143</run_address>
         <size>0xbd</size>
         <input_file_ref idref="fl-2"/>
      </object_component>
      <object_component id="oc-b0">
         <name>.debug_abbrev</name>
         <load_address>0x200</load_address>
         <run_address>0x200</run_address>
         <size>0x69</size>
         <input_file_ref idref="fl-2"/>
      </object_component>
      <object_component id="oc-125">
         <name>.debug_abbrev</name>
         <load_address>0x269</load_address>
         <run_address>0x269</run_address>
         <size>0x97</size>
         <input_file_ref idref="fl-2"/>
      </object_component>
      <object_component id="oc-34">
         <name>.debug_abbrev</name>
         <load_address>0x300</load_address>
         <run_address>0x300</run_address>
         <size>0x1f</size>
         <input_file_ref idref="fl-2"/>
      </object_component>
      <object_component id="oc-114">
         <name>.debug_abbrev</name>
         <load_address>0x31f</load_address>
         <run_address>0x31f</run_address>
         <size>0x5c</size>
         <input_file_ref idref="fl-2"/>
      </object_component>
      <object_component id="oc-10f">
         <name>.debug_abbrev</name>
         <load_address>0x37b</load_address>
         <run_address>0x37b</run_address>
         <size>0x24</size>
         <input_file_ref idref="fl-2"/>
      </object_component>
      <object_component id="oc-11c">
         <name>.debug_abbrev</name>
         <load_address>0x39f</load_address>
         <run_address>0x39f</run_address>
         <size>0x85</size>
         <input_file_ref idref="fl-3"/>
      </object_component>
      <object_component id="oc-c9">
         <name>.debug_abbrev</name>
         <load_address>0x424</load_address>
         <run_address>0x424</run_address>
         <size>0xa9</size>
         <input_file_ref idref="fl-3"/>
      </object_component>
      <object_component id="oc-120">
         <name>.debug_abbrev</name>
         <load_address>0x4cd</load_address>
         <run_address>0x4cd</run_address>
         <size>0xbd</size>
         <input_file_ref idref="fl-3"/>
      </object_component>
      <object_component id="oc-ac">
         <name>.debug_abbrev</name>
         <load_address>0x58a</load_address>
         <run_address>0x58a</run_address>
         <size>0x7c</size>
         <input_file_ref idref="fl-4"/>
      </object_component>
      <object_component id="oc-6d">
         <name>.debug_abbrev</name>
         <load_address>0x606</load_address>
         <run_address>0x606</run_address>
         <size>0x29</size>
         <input_file_ref idref="fl-4"/>
      </object_component>
      <object_component id="oc-ab">
         <name>.debug_abbrev</name>
         <load_address>0x62f</load_address>
         <run_address>0x62f</run_address>
         <size>0x89</size>
         <input_file_ref idref="fl-4"/>
      </object_component>
      <object_component id="oc-148">
         <name>.debug_abbrev</name>
         <load_address>0x6b8</load_address>
         <run_address>0x6b8</run_address>
         <size>0x29</size>
         <input_file_ref idref="fl-5"/>
      </object_component>
      <object_component id="oc-10c">
         <name>.debug_abbrev</name>
         <load_address>0x6e1</load_address>
         <run_address>0x6e1</run_address>
         <size>0x8b</size>
         <input_file_ref idref="fl-5"/>
      </object_component>
      <object_component id="oc-7e">
         <name>.debug_abbrev</name>
         <load_address>0x76c</load_address>
         <run_address>0x76c</run_address>
         <size>0x37</size>
         <input_file_ref idref="fl-c0"/>
      </object_component>
      <object_component id="oc-3c">
         <name>.debug_abbrev</name>
         <load_address>0x7a3</load_address>
         <run_address>0x7a3</run_address>
         <size>0x74</size>
         <input_file_ref idref="fl-c0"/>
      </object_component>
      <object_component id="oc-3f">
         <name>.debug_abbrev</name>
         <load_address>0x817</load_address>
         <run_address>0x817</run_address>
         <size>0x24</size>
         <input_file_ref idref="fl-c0"/>
      </object_component>
      <object_component id="oc-7b">
         <name>.debug_abbrev</name>
         <load_address>0x83b</load_address>
         <run_address>0x83b</run_address>
         <size>0x24</size>
         <input_file_ref idref="fl-c0"/>
      </object_component>
      <object_component id="oc-b8">
         <name>.debug_abbrev</name>
         <load_address>0x85f</load_address>
         <run_address>0x85f</run_address>
         <size>0x37</size>
         <input_file_ref idref="fl-c1"/>
      </object_component>
      <object_component id="oc-2c">
         <name>.debug_abbrev</name>
         <load_address>0x896</load_address>
         <run_address>0x896</run_address>
         <size>0x6f</size>
         <input_file_ref idref="fl-c1"/>
      </object_component>
      <object_component id="oc-2f">
         <name>.debug_abbrev</name>
         <load_address>0x905</load_address>
         <run_address>0x905</run_address>
         <size>0x24</size>
         <input_file_ref idref="fl-c1"/>
      </object_component>
      <object_component id="oc-b5">
         <name>.debug_abbrev</name>
         <load_address>0x929</load_address>
         <run_address>0x929</run_address>
         <size>0x35</size>
         <input_file_ref idref="fl-c1"/>
      </object_component>
      <object_component id="oc-74">
         <name>.debug_abbrev</name>
         <load_address>0x95e</load_address>
         <run_address>0x95e</run_address>
         <size>0x24</size>
         <input_file_ref idref="fl-c1"/>
      </object_component>
      <object_component id="oc-70">
         <name>.debug_abbrev</name>
         <load_address>0x982</load_address>
         <run_address>0x982</run_address>
         <size>0x29</size>
         <input_file_ref idref="fl-c2"/>
      </object_component>
      <object_component id="oc-9c">
         <name>.debug_abbrev</name>
         <load_address>0x9ab</load_address>
         <run_address>0x9ab</run_address>
         <size>0x55</size>
         <input_file_ref idref="fl-c2"/>
      </object_component>
      <object_component id="oc-78">
         <name>.debug_abbrev</name>
         <load_address>0xa00</load_address>
         <run_address>0xa00</run_address>
         <size>0x3e</size>
         <input_file_ref idref="fl-c3"/>
      </object_component>
      <object_component id="oc-161">
         <name>.debug_abbrev</name>
         <load_address>0xa3e</load_address>
         <run_address>0xa3e</run_address>
         <size>0xc0</size>
         <input_file_ref idref="fl-c5"/>
      </object_component>
      <object_component id="oc-132">
         <name>.debug_abbrev</name>
         <load_address>0xafe</load_address>
         <run_address>0xafe</run_address>
         <size>0x7e</size>
         <input_file_ref idref="fl-c5"/>
      </object_component>
      <object_component id="oc-165">
         <name>.debug_abbrev</name>
         <load_address>0xb7c</load_address>
         <run_address>0xb7c</run_address>
         <size>0x24</size>
         <input_file_ref idref="fl-c5"/>
      </object_component>
      <object_component id="oc-179">
         <name>.debug_abbrev</name>
         <load_address>0xba0</load_address>
         <run_address>0xba0</run_address>
         <size>0x24</size>
         <input_file_ref idref="fl-c5"/>
      </object_component>
      <object_component id="oc-16a">
         <name>.debug_abbrev</name>
         <load_address>0xbc4</load_address>
         <run_address>0xbc4</run_address>
         <size>0x24</size>
         <input_file_ref idref="fl-c5"/>
      </object_component>
      <object_component id="oc-16f">
         <name>.debug_abbrev</name>
         <load_address>0xbe8</load_address>
         <run_address>0xbe8</run_address>
         <size>0x4b</size>
         <input_file_ref idref="fl-c5"/>
      </object_component>
      <object_component id="oc-c2">
         <name>.debug_abbrev</name>
         <load_address>0xc33</load_address>
         <run_address>0xc33</run_address>
         <size>0x55</size>
         <input_file_ref idref="fl-c6"/>
      </object_component>
      <object_component id="oc-128">
         <name>.debug_abbrev</name>
         <load_address>0xc88</load_address>
         <run_address>0xc88</run_address>
         <size>0x45</size>
         <input_file_ref idref="fl-c8"/>
      </object_component>
      <object_component id="oc-1b8">
         <name>.debug_abbrev</name>
         <load_address>0xccd</load_address>
         <run_address>0xccd</run_address>
         <size>0xf</size>
      </object_component>
      <object_component id="oc-150">
         <name>.debug_str</name>
         <load_address>0x0</load_address>
         <run_address>0x0</run_address>
         <size>0x15c3</size>
         <input_file_ref idref="fl-2"/>
      </object_component>
      <object_component id="oc-b2">
         <name>.debug_str</name>
         <load_address>0x15c3</load_address>
         <run_address>0x15c3</run_address>
         <size>0x2aa</size>
         <input_file_ref idref="fl-2"/>
      </object_component>
      <object_component id="oc-127">
         <name>.debug_str</name>
         <load_address>0x186d</load_address>
         <run_address>0x186d</run_address>
         <size>0x47f</size>
         <input_file_ref idref="fl-2"/>
      </object_component>
      <object_component id="oc-36">
         <name>.debug_str</name>
         <load_address>0x1cec</load_address>
         <run_address>0x1cec</run_address>
         <size>0xfd</size>
         <input_file_ref idref="fl-2"/>
      </object_component>
      <object_component id="oc-116">
         <name>.debug_str</name>
         <load_address>0x1de9</load_address>
         <run_address>0x1de9</run_address>
         <size>0x340</size>
         <input_file_ref idref="fl-2"/>
      </object_component>
      <object_component id="oc-111">
         <name>.debug_str</name>
         <load_address>0x2129</load_address>
         <run_address>0x2129</run_address>
         <size>0x142</size>
         <input_file_ref idref="fl-2"/>
      </object_component>
      <object_component id="oc-122">
         <name>.debug_str</name>
         <load_address>0x226b</load_address>
         <run_address>0x226b</run_address>
         <size>0x15c3</size>
         <input_file_ref idref="fl-3"/>
      </object_component>
      <object_component id="oc-41">
         <name>.debug_str</name>
         <load_address>0x382e</load_address>
         <run_address>0x382e</run_address>
         <size>0x10b</size>
         <input_file_ref idref="fl-c0"/>
      </object_component>
      <object_component id="oc-7d">
         <name>.debug_str</name>
         <load_address>0x3939</load_address>
         <run_address>0x3939</run_address>
         <size>0x140</size>
         <input_file_ref idref="fl-c0"/>
      </object_component>
      <object_component id="oc-31">
         <name>.debug_str</name>
         <load_address>0x3a79</load_address>
         <run_address>0x3a79</run_address>
         <size>0x118</size>
         <input_file_ref idref="fl-c1"/>
      </object_component>
      <object_component id="oc-b7">
         <name>.debug_str</name>
         <load_address>0x3b91</load_address>
         <run_address>0x3b91</run_address>
         <size>0x16b</size>
         <input_file_ref idref="fl-c1"/>
      </object_component>
      <object_component id="oc-76">
         <name>.debug_str</name>
         <load_address>0x3cfc</load_address>
         <run_address>0x3cfc</run_address>
         <size>0x158</size>
         <input_file_ref idref="fl-c1"/>
      </object_component>
      <object_component id="oc-167">
         <name>.debug_str</name>
         <load_address>0x3e54</load_address>
         <run_address>0x3e54</run_address>
         <size>0xed</size>
         <input_file_ref idref="fl-c5"/>
      </object_component>
      <object_component id="oc-17b">
         <name>.debug_str</name>
         <load_address>0x3f41</load_address>
         <run_address>0x3f41</run_address>
         <size>0x157</size>
         <input_file_ref idref="fl-c5"/>
      </object_component>
      <object_component id="oc-16c">
         <name>.debug_str</name>
         <load_address>0x4098</load_address>
         <run_address>0x4098</run_address>
         <size>0x150</size>
         <input_file_ref idref="fl-c5"/>
      </object_component>
      <object_component id="oc-171">
         <name>.debug_str</name>
         <load_address>0x41e8</load_address>
         <run_address>0x41e8</run_address>
         <size>0x197</size>
         <input_file_ref idref="fl-c5"/>
      </object_component>
      <object_component id="oc-c7">
         <name>.debug_aranges</name>
         <load_address>0x0</load_address>
         <run_address>0x0</run_address>
         <size>0x40</size>
         <input_file_ref idref="fl-2"/>
      </object_component>
      <object_component id="oc-95">
         <name>.debug_aranges</name>
         <load_address>0x40</load_address>
         <run_address>0x40</run_address>
         <size>0x48</size>
         <input_file_ref idref="fl-3"/>
      </object_component>
      <object_component id="oc-6b">
         <name>.debug_aranges</name>
         <load_address>0x88</load_address>
         <run_address>0x88</run_address>
         <size>0x28</size>
         <input_file_ref idref="fl-4"/>
      </object_component>
      <object_component id="oc-a8">
         <name>.debug_aranges</name>
         <load_address>0xb0</load_address>
         <run_address>0xb0</run_address>
         <size>0x28</size>
         <input_file_ref idref="fl-5"/>
      </object_component>
      <object_component id="oc-1e">
         <name>.debug_aranges</name>
         <load_address>0xd8</load_address>
         <run_address>0xd8</run_address>
         <size>0x20</size>
         <input_file_ref idref="fl-c0"/>
      </object_component>
      <object_component id="oc-18">
         <name>.debug_aranges</name>
         <load_address>0xf8</load_address>
         <run_address>0xf8</run_address>
         <size>0x20</size>
         <input_file_ref idref="fl-c1"/>
      </object_component>
      <object_component id="oc-56">
         <name>.debug_aranges</name>
         <load_address>0x118</load_address>
         <run_address>0x118</run_address>
         <size>0x20</size>
         <input_file_ref idref="fl-c2"/>
      </object_component>
      <object_component id="oc-39">
         <name>.debug_aranges</name>
         <load_address>0x138</load_address>
         <run_address>0x138</run_address>
         <size>0x20</size>
         <input_file_ref idref="fl-c3"/>
      </object_component>
      <object_component id="oc-db">
         <name>.debug_aranges</name>
         <load_address>0x158</load_address>
         <run_address>0x158</run_address>
         <size>0x20</size>
         <input_file_ref idref="fl-c5"/>
      </object_component>
      <object_component id="oc-8e">
         <name>.debug_aranges</name>
         <load_address>0x178</load_address>
         <run_address>0x178</run_address>
         <size>0x20</size>
         <input_file_ref idref="fl-c6"/>
      </object_component>
      <object_component id="oc-cc">
         <name>.debug_aranges</name>
         <load_address>0x198</load_address>
         <run_address>0x198</run_address>
         <size>0x20</size>
         <input_file_ref idref="fl-c8"/>
      </object_component>
      <object_component id="oc-11a">
         <name>.debug_pubnames</name>
         <load_address>0x0</load_address>
         <run_address>0x0</run_address>
         <size>0x67</size>
         <input_file_ref idref="fl-2"/>
      </object_component>
      <object_component id="oc-c8">
         <name>.debug_pubnames</name>
         <load_address>0x67</load_address>
         <run_address>0x67</run_address>
         <size>0x68</size>
         <input_file_ref idref="fl-2"/>
      </object_component>
      <object_component id="oc-96">
         <name>.debug_pubnames</name>
         <load_address>0xcf</load_address>
         <run_address>0xcf</run_address>
         <size>0x69</size>
         <input_file_ref idref="fl-3"/>
      </object_component>
      <object_component id="oc-28">
         <name>.debug_pubnames</name>
         <load_address>0x138</load_address>
         <run_address>0x138</run_address>
         <size>0x27</size>
         <input_file_ref idref="fl-4"/>
      </object_component>
      <object_component id="oc-6c">
         <name>.debug_pubnames</name>
         <load_address>0x15f</load_address>
         <run_address>0x15f</run_address>
         <size>0x38</size>
         <input_file_ref idref="fl-4"/>
      </object_component>
      <object_component id="oc-10b">
         <name>.debug_pubnames</name>
         <load_address>0x197</load_address>
         <run_address>0x197</run_address>
         <size>0x26</size>
         <input_file_ref idref="fl-5"/>
      </object_component>
      <object_component id="oc-a9">
         <name>.debug_pubnames</name>
         <load_address>0x1bd</load_address>
         <run_address>0x1bd</run_address>
         <size>0x3b</size>
         <input_file_ref idref="fl-5"/>
      </object_component>
      <object_component id="oc-22">
         <name>.debug_pubnames</name>
         <load_address>0x1f8</load_address>
         <run_address>0x1f8</run_address>
         <size>0x2b</size>
         <input_file_ref idref="fl-c0"/>
      </object_component>
      <object_component id="oc-1b">
         <name>.debug_pubnames</name>
         <load_address>0x223</load_address>
         <run_address>0x223</run_address>
         <size>0x2b</size>
         <input_file_ref idref="fl-c1"/>
      </object_component>
      <object_component id="oc-2b">
         <name>.debug_pubnames</name>
         <load_address>0x24e</load_address>
         <run_address>0x24e</run_address>
         <size>0x1e</size>
         <input_file_ref idref="fl-c2"/>
      </object_component>
      <object_component id="oc-59">
         <name>.debug_pubnames</name>
         <load_address>0x26c</load_address>
         <run_address>0x26c</run_address>
         <size>0x26</size>
         <input_file_ref idref="fl-c2"/>
      </object_component>
      <object_component id="oc-3b">
         <name>.debug_pubnames</name>
         <load_address>0x292</load_address>
         <run_address>0x292</run_address>
         <size>0x1d</size>
         <input_file_ref idref="fl-c3"/>
      </object_component>
      <object_component id="oc-dc">
         <name>.debug_pubnames</name>
         <load_address>0x2af</load_address>
         <run_address>0x2af</run_address>
         <size>0x35</size>
         <input_file_ref idref="fl-c5"/>
      </object_component>
      <object_component id="oc-91">
         <name>.debug_pubnames</name>
         <load_address>0x2e4</load_address>
         <run_address>0x2e4</run_address>
         <size>0x27</size>
         <input_file_ref idref="fl-c6"/>
      </object_component>
      <object_component id="oc-cf">
         <name>.debug_pubnames</name>
         <load_address>0x30b</load_address>
         <run_address>0x30b</run_address>
         <size>0x1c</size>
         <input_file_ref idref="fl-c8"/>
      </object_component>
      <object_component id="oc-14d">
         <name>.debug_pubtypes</name>
         <load_address>0x0</load_address>
         <run_address>0x0</run_address>
         <size>0x2ce</size>
         <input_file_ref idref="fl-2"/>
      </object_component>
      <object_component id="oc-af">
         <name>.debug_pubtypes</name>
         <load_address>0x2ce</load_address>
         <run_address>0x2ce</run_address>
         <size>0x25c</size>
         <input_file_ref idref="fl-2"/>
      </object_component>
      <object_component id="oc-124">
         <name>.debug_pubtypes</name>
         <load_address>0x52a</load_address>
         <run_address>0x52a</run_address>
         <size>0xdd</size>
         <input_file_ref idref="fl-2"/>
      </object_component>
      <object_component id="oc-33">
         <name>.debug_pubtypes</name>
         <load_address>0x607</load_address>
         <run_address>0x607</run_address>
         <size>0xed</size>
         <input_file_ref idref="fl-2"/>
      </object_component>
      <object_component id="oc-113">
         <name>.debug_pubtypes</name>
         <load_address>0x6f4</load_address>
         <run_address>0x6f4</run_address>
         <size>0x330</size>
         <input_file_ref idref="fl-2"/>
      </object_component>
      <object_component id="oc-10e">
         <name>.debug_pubtypes</name>
         <load_address>0xa24</load_address>
         <run_address>0xa24</run_address>
         <size>0xaa</size>
         <input_file_ref idref="fl-2"/>
      </object_component>
      <object_component id="oc-11f">
         <name>.debug_pubtypes</name>
         <load_address>0xace</load_address>
         <run_address>0xace</run_address>
         <size>0x2ce</size>
         <input_file_ref idref="fl-3"/>
      </object_component>
      <object_component id="oc-3e">
         <name>.debug_pubtypes</name>
         <load_address>0xd9c</load_address>
         <run_address>0xd9c</run_address>
         <size>0x48</size>
         <input_file_ref idref="fl-c0"/>
      </object_component>
      <object_component id="oc-7a">
         <name>.debug_pubtypes</name>
         <load_address>0xde4</load_address>
         <run_address>0xde4</run_address>
         <size>0x1d</size>
         <input_file_ref idref="fl-c0"/>
      </object_component>
      <object_component id="oc-2e">
         <name>.debug_pubtypes</name>
         <load_address>0xe01</load_address>
         <run_address>0xe01</run_address>
         <size>0x5d</size>
         <input_file_ref idref="fl-c1"/>
      </object_component>
      <object_component id="oc-b4">
         <name>.debug_pubtypes</name>
         <load_address>0xe5e</load_address>
         <run_address>0xe5e</run_address>
         <size>0x48</size>
         <input_file_ref idref="fl-c1"/>
      </object_component>
      <object_component id="oc-73">
         <name>.debug_pubtypes</name>
         <load_address>0xea6</load_address>
         <run_address>0xea6</run_address>
         <size>0x35</size>
         <input_file_ref idref="fl-c1"/>
      </object_component>
      <object_component id="oc-164">
         <name>.debug_pubtypes</name>
         <load_address>0xedb</load_address>
         <run_address>0xedb</run_address>
         <size>0x32</size>
         <input_file_ref idref="fl-c5"/>
      </object_component>
      <object_component id="oc-178">
         <name>.debug_pubtypes</name>
         <load_address>0xf0d</load_address>
         <run_address>0xf0d</run_address>
         <size>0x30</size>
         <input_file_ref idref="fl-c5"/>
      </object_component>
      <object_component id="oc-169">
         <name>.debug_pubtypes</name>
         <load_address>0xf3d</load_address>
         <run_address>0xf3d</run_address>
         <size>0x2c</size>
         <input_file_ref idref="fl-c5"/>
      </object_component>
      <object_component id="oc-16e">
         <name>.debug_pubtypes</name>
         <load_address>0xf69</load_address>
         <run_address>0xf69</run_address>
         <size>0x50</size>
         <input_file_ref idref="fl-c5"/>
      </object_component>
   </object_component_list>
   <logical_group_list>
      <logical_group id="lg-3" display="no" color="cyan">
         <name>.intvecs</name>
         <load_address>0x0</load_address>
         <run_address>0x0</run_address>
         <size>0xe4</size>
         <contents>
            <object_component_ref idref="oc-26"/>
         </contents>
      </logical_group>
      <logical_group id="lg-4" display="no" color="cyan">
         <name>.text</name>
         <load_address>0xe4</load_address>
         <run_address>0xe4</run_address>
         <size>0x578</size>
         <contents>
            <object_component_ref idref="oc-a5"/>
            <object_component_ref idref="oc-c3"/>
            <object_component_ref idref="oc-93"/>
            <object_component_ref idref="oc-37"/>
            <object_component_ref idref="oc-17"/>
            <object_component_ref idref="oc-d7"/>
            <object_component_ref idref="oc-55"/>
            <object_component_ref idref="oc-1d"/>
            <object_component_ref idref="oc-67"/>
            <object_component_ref idref="oc-8d"/>
            <object_component_ref idref="oc-cb"/>
         </contents>
      </logical_group>
      <logical_group id="lg-5" display="no" color="cyan">
         <name>.const</name>
         <run_address>0x0</run_address>
         <size>0x0</size>
         <contents>
         </contents>
      </logical_group>
      <logical_group id="lg-6" display="no" color="cyan">
         <name>.cinit</name>
         <load_address>0x660</load_address>
         <run_address>0x660</run_address>
         <size>0x20</size>
         <contents>
            <object_component_ref idref="oc-1b4"/>
            <object_component_ref idref="oc-1b2"/>
            <object_component_ref idref="oc-1b3"/>
         </contents>
      </logical_group>
      <logical_group id="lg-7" display="no" color="cyan">
         <name>.pinit</name>
         <run_address>0x0</run_address>
         <size>0x0</size>
         <contents>
         </contents>
      </logical_group>
      <logical_group id="lg-8" display="no" color="cyan">
         <name>.init_array</name>
         <run_address>0x0</run_address>
         <size>0x0</size>
         <contents>
         </contents>
      </logical_group>
      <logical_group id="lg-9" display="no" color="cyan">
         <name>.binit</name>
         <load_address>0x0</load_address>
         <run_address>0x0</run_address>
         <size>0x0</size>
         <contents>
            <object_component_ref idref="oc-186"/>
         </contents>
      </logical_group>
      <logical_group id="lg-a" display="no" color="cyan">
         <name>.flashMailbox</name>
         <run_address>0x0</run_address>
         <size>0x0</size>
         <contents>
         </contents>
      </logical_group>
      <logical_group id="lg-b" display="no" color="cyan">
         <name>.tlvTable</name>
         <run_address>0x0</run_address>
         <size>0x0</size>
         <contents>
         </contents>
      </logical_group>
      <logical_group id="lg-c" display="no" color="cyan">
         <name>.bslArea</name>
         <run_address>0x0</run_address>
         <size>0x0</size>
         <contents>
         </contents>
      </logical_group>
      <logical_group id="lg-d" display="no" color="cyan">
         <name>.vtable</name>
         <run_address>0x0</run_address>
         <size>0x0</size>
         <contents>
         </contents>
      </logical_group>
      <logical_group id="lg-e" display="no" color="cyan">
         <name>.data</name>
         <run_address>0x20000000</run_address>
         <size>0x1c</size>
         <contents>
            <object_component_ref idref="oc-118"/>
            <object_component_ref idref="oc-109"/>
         </contents>
      </logical_group>
      <logical_group id="lg-f" display="no" color="cyan">
         <name>.bss</name>
         <run_address>0x0</run_address>
         <size>0x0</size>
         <contents>
         </contents>
      </logical_group>
      <logical_group id="lg-10" display="no" color="cyan">
         <name>.sysmem</name>
         <run_address>0x0</run_address>
         <size>0x0</size>
         <contents>
         </contents>
      </logical_group>
      <logical_group id="lg-11" display="no" color="cyan">
         <name>.stack</name>
         <run_address>0x2000fe00</run_address>
         <size>0x200</size>
         <contents>
            <object_component_ref idref="oc-29"/>
            <object_component_ref idref="oc-1b6"/>
         </contents>
      </logical_group>
      <logical_group id="lg-12" display="no" color="cyan">
         <name>.TI.ramfunc</name>
         <run_address>0x0</run_address>
         <size>0x0</size>
         <contents>
         </contents>
      </logical_group>
      <logical_group id="lg-183" display="no" color="cyan">
         <name>.TI.noinit</name>
         <run_address>0x0</run_address>
         <size>0x0</size>
         <contents>
         </contents>
      </logical_group>
      <logical_group id="lg-184" display="no" color="cyan">
         <name>.TI.persistent</name>
         <run_address>0x0</run_address>
         <size>0x0</size>
         <contents>
         </contents>
      </logical_group>
      <logical_group id="lg-185" display="no" color="cyan">
         <name>__llvm_prf_cnts</name>
         <run_address>0x20000000</run_address>
         <size>0x0</size>
         <contents>
         </contents>
      </logical_group>
      <logical_group id="lg-19a" display="never" color="cyan">
         <name>.debug_info</name>
         <load_address>0x0</load_address>
         <run_address>0x0</run_address>
         <size>0xba35</size>
         <contents>
            <object_component_ref idref="oc-117"/>
            <object_component_ref idref="oc-119"/>
            <object_component_ref idref="oc-c6"/>
            <object_component_ref idref="oc-14c"/>
            <object_component_ref idref="oc-ae"/>
            <object_component_ref idref="oc-123"/>
            <object_component_ref idref="oc-32"/>
            <object_component_ref idref="oc-112"/>
            <object_component_ref idref="oc-10d"/>
            <object_component_ref idref="oc-ca"/>
            <object_component_ref idref="oc-94"/>
            <object_component_ref idref="oc-11e"/>
            <object_component_ref idref="oc-6f"/>
            <object_component_ref idref="oc-27"/>
            <object_component_ref idref="oc-6a"/>
            <object_component_ref idref="oc-10a"/>
            <object_component_ref idref="oc-a7"/>
            <object_component_ref idref="oc-42"/>
            <object_component_ref idref="oc-21"/>
            <object_component_ref idref="oc-3d"/>
            <object_component_ref idref="oc-79"/>
            <object_component_ref idref="oc-77"/>
            <object_component_ref idref="oc-1a"/>
            <object_component_ref idref="oc-2d"/>
            <object_component_ref idref="oc-b3"/>
            <object_component_ref idref="oc-72"/>
            <object_component_ref idref="oc-2a"/>
            <object_component_ref idref="oc-58"/>
            <object_component_ref idref="oc-3a"/>
            <object_component_ref idref="oc-133"/>
            <object_component_ref idref="oc-da"/>
            <object_component_ref idref="oc-163"/>
            <object_component_ref idref="oc-177"/>
            <object_component_ref idref="oc-168"/>
            <object_component_ref idref="oc-16d"/>
            <object_component_ref idref="oc-90"/>
            <object_component_ref idref="oc-ce"/>
            <object_component_ref idref="oc-1b7"/>
         </contents>
      </logical_group>
      <logical_group id="lg-19c" display="never" color="cyan">
         <name>.debug_line</name>
         <load_address>0x0</load_address>
         <run_address>0x0</run_address>
         <size>0xf56</size>
         <contents>
            <object_component_ref idref="oc-14b"/>
            <object_component_ref idref="oc-152"/>
            <object_component_ref idref="oc-c4"/>
            <object_component_ref idref="oc-14f"/>
            <object_component_ref idref="oc-b1"/>
            <object_component_ref idref="oc-126"/>
            <object_component_ref idref="oc-35"/>
            <object_component_ref idref="oc-115"/>
            <object_component_ref idref="oc-110"/>
            <object_component_ref idref="oc-11d"/>
            <object_component_ref idref="oc-97"/>
            <object_component_ref idref="oc-121"/>
            <object_component_ref idref="oc-ad"/>
            <object_component_ref idref="oc-6e"/>
            <object_component_ref idref="oc-69"/>
            <object_component_ref idref="oc-149"/>
            <object_component_ref idref="oc-a6"/>
            <object_component_ref idref="oc-7f"/>
            <object_component_ref idref="oc-1f"/>
            <object_component_ref idref="oc-40"/>
            <object_component_ref idref="oc-7c"/>
            <object_component_ref idref="oc-b9"/>
            <object_component_ref idref="oc-1c"/>
            <object_component_ref idref="oc-30"/>
            <object_component_ref idref="oc-b6"/>
            <object_component_ref idref="oc-75"/>
            <object_component_ref idref="oc-71"/>
            <object_component_ref idref="oc-5a"/>
            <object_component_ref idref="oc-38"/>
            <object_component_ref idref="oc-162"/>
            <object_component_ref idref="oc-d9"/>
            <object_component_ref idref="oc-166"/>
            <object_component_ref idref="oc-17a"/>
            <object_component_ref idref="oc-16b"/>
            <object_component_ref idref="oc-170"/>
            <object_component_ref idref="oc-8f"/>
            <object_component_ref idref="oc-cd"/>
         </contents>
      </logical_group>
      <logical_group id="lg-19e" display="never" color="cyan">
         <name>.debug_frame</name>
         <load_address>0x0</load_address>
         <run_address>0x0</run_address>
         <size>0x470</size>
         <contents>
            <object_component_ref idref="oc-c5"/>
            <object_component_ref idref="oc-98"/>
            <object_component_ref idref="oc-68"/>
            <object_component_ref idref="oc-aa"/>
            <object_component_ref idref="oc-20"/>
            <object_component_ref idref="oc-19"/>
            <object_component_ref idref="oc-57"/>
            <object_component_ref idref="oc-d8"/>
            <object_component_ref idref="oc-92"/>
            <object_component_ref idref="oc-d0"/>
         </contents>
      </logical_group>
      <logical_group id="lg-1a0" display="never" color="cyan">
         <name>.debug_abbrev</name>
         <load_address>0x0</load_address>
         <run_address>0x0</run_address>
         <size>0xcdc</size>
         <contents>
            <object_component_ref idref="oc-14a"/>
            <object_component_ref idref="oc-151"/>
            <object_component_ref idref="oc-11b"/>
            <object_component_ref idref="oc-14e"/>
            <object_component_ref idref="oc-b0"/>
            <object_component_ref idref="oc-125"/>
            <object_component_ref idref="oc-34"/>
            <object_component_ref idref="oc-114"/>
            <object_component_ref idref="oc-10f"/>
            <object_component_ref idref="oc-11c"/>
            <object_component_ref idref="oc-c9"/>
            <object_component_ref idref="oc-120"/>
            <object_component_ref idref="oc-ac"/>
            <object_component_ref idref="oc-6d"/>
            <object_component_ref idref="oc-ab"/>
            <object_component_ref idref="oc-148"/>
            <object_component_ref idref="oc-10c"/>
            <object_component_ref idref="oc-7e"/>
            <object_component_ref idref="oc-3c"/>
            <object_component_ref idref="oc-3f"/>
            <object_component_ref idref="oc-7b"/>
            <object_component_ref idref="oc-b8"/>
            <object_component_ref idref="oc-2c"/>
            <object_component_ref idref="oc-2f"/>
            <object_component_ref idref="oc-b5"/>
            <object_component_ref idref="oc-74"/>
            <object_component_ref idref="oc-70"/>
            <object_component_ref idref="oc-9c"/>
            <object_component_ref idref="oc-78"/>
            <object_component_ref idref="oc-161"/>
            <object_component_ref idref="oc-132"/>
            <object_component_ref idref="oc-165"/>
            <object_component_ref idref="oc-179"/>
            <object_component_ref idref="oc-16a"/>
            <object_component_ref idref="oc-16f"/>
            <object_component_ref idref="oc-c2"/>
            <object_component_ref idref="oc-128"/>
            <object_component_ref idref="oc-1b8"/>
         </contents>
      </logical_group>
      <logical_group id="lg-1a2" display="never" color="cyan">
         <name>.debug_str</name>
         <load_address>0x0</load_address>
         <run_address>0x0</run_address>
         <size>0x437f</size>
         <contents>
            <object_component_ref idref="oc-150"/>
            <object_component_ref idref="oc-b2"/>
            <object_component_ref idref="oc-127"/>
            <object_component_ref idref="oc-36"/>
            <object_component_ref idref="oc-116"/>
            <object_component_ref idref="oc-111"/>
            <object_component_ref idref="oc-122"/>
            <object_component_ref idref="oc-41"/>
            <object_component_ref idref="oc-7d"/>
            <object_component_ref idref="oc-31"/>
            <object_component_ref idref="oc-b7"/>
            <object_component_ref idref="oc-76"/>
            <object_component_ref idref="oc-167"/>
            <object_component_ref idref="oc-17b"/>
            <object_component_ref idref="oc-16c"/>
            <object_component_ref idref="oc-171"/>
         </contents>
      </logical_group>
      <logical_group id="lg-1a4" display="never" color="cyan">
         <name>.debug_aranges</name>
         <load_address>0x0</load_address>
         <run_address>0x0</run_address>
         <size>0x1b8</size>
         <contents>
            <object_component_ref idref="oc-c7"/>
            <object_component_ref idref="oc-95"/>
            <object_component_ref idref="oc-6b"/>
            <object_component_ref idref="oc-a8"/>
            <object_component_ref idref="oc-1e"/>
            <object_component_ref idref="oc-18"/>
            <object_component_ref idref="oc-56"/>
            <object_component_ref idref="oc-39"/>
            <object_component_ref idref="oc-db"/>
            <object_component_ref idref="oc-8e"/>
            <object_component_ref idref="oc-cc"/>
         </contents>
      </logical_group>
      <logical_group id="lg-1a6" display="never" color="cyan">
         <name>.debug_pubnames</name>
         <load_address>0x0</load_address>
         <run_address>0x0</run_address>
         <size>0x327</size>
         <contents>
            <object_component_ref idref="oc-11a"/>
            <object_component_ref idref="oc-c8"/>
            <object_component_ref idref="oc-96"/>
            <object_component_ref idref="oc-28"/>
            <object_component_ref idref="oc-6c"/>
            <object_component_ref idref="oc-10b"/>
            <object_component_ref idref="oc-a9"/>
            <object_component_ref idref="oc-22"/>
            <object_component_ref idref="oc-1b"/>
            <object_component_ref idref="oc-2b"/>
            <object_component_ref idref="oc-59"/>
            <object_component_ref idref="oc-3b"/>
            <object_component_ref idref="oc-dc"/>
            <object_component_ref idref="oc-91"/>
            <object_component_ref idref="oc-cf"/>
         </contents>
      </logical_group>
      <logical_group id="lg-1a8" display="never" color="cyan">
         <name>.debug_pubtypes</name>
         <load_address>0x0</load_address>
         <run_address>0x0</run_address>
         <size>0xfb9</size>
         <contents>
            <object_component_ref idref="oc-14d"/>
            <object_component_ref idref="oc-af"/>
            <object_component_ref idref="oc-124"/>
            <object_component_ref idref="oc-33"/>
            <object_component_ref idref="oc-113"/>
            <object_component_ref idref="oc-10e"/>
            <object_component_ref idref="oc-11f"/>
            <object_component_ref idref="oc-3e"/>
            <object_component_ref idref="oc-7a"/>
            <object_component_ref idref="oc-2e"/>
            <object_component_ref idref="oc-b4"/>
            <object_component_ref idref="oc-73"/>
            <object_component_ref idref="oc-164"/>
            <object_component_ref idref="oc-178"/>
            <object_component_ref idref="oc-169"/>
            <object_component_ref idref="oc-16e"/>
         </contents>
      </logical_group>
      <logical_group id="lg-1b5" display="no" color="cyan">
         <name>Veneer$$CMSE</name>
         <run_address>0x0</run_address>
         <size>0x0</size>
         <contents>
         </contents>
      </logical_group>
      <load_segment id="lg-1ba" display="no" color="cyan">
         <name>SEGMENT_0</name>
         <load_address>0x0</load_address>
         <run_address>0x0</run_address>
         <size>0x680</size>
         <flags>0x5</flags>
         <contents>
            <logical_group_ref idref="lg-3"/>
            <logical_group_ref idref="lg-4"/>
            <logical_group_ref idref="lg-6"/>
         </contents>
      </load_segment>
      <load_segment id="lg-1bb" display="no" color="cyan">
         <name>SEGMENT_1</name>
         <run_address>0x20000000</run_address>
         <size>0x1c</size>
         <flags>0x6</flags>
         <contents>
            <logical_group_ref idref="lg-e"/>
         </contents>
      </load_segment>
      <load_segment id="lg-1bc" display="no" color="cyan">
         <name>SEGMENT_2</name>
         <run_address>0x2000fe00</run_address>
         <size>0x200</size>
         <flags>0x6</flags>
         <contents>
            <logical_group_ref idref="lg-11"/>
         </contents>
      </load_segment>
   </logical_group_list>
   <placement_map>
      <memory_area display="yes" color="green">
         <name>MAIN</name>
         <page_id>0x0</page_id>
         <origin>0x0</origin>
         <length>0x40000</length>
         <used_space>0x67c</used_space>
         <unused_space>0x3f984</unused_space>
         <attributes>RX</attributes>
         <usage_details>
            <allocated_space>
               <start_address>0x0</start_address>
               <size>0x0</size>
               <logical_group_ref idref="lg-9"/>
            </allocated_space>
            <allocated_space>
               <start_address>0x0</start_address>
               <size>0xe4</size>
               <logical_group_ref idref="lg-3"/>
            </allocated_space>
            <allocated_space>
               <start_address>0xe4</start_address>
               <size>0x578</size>
               <logical_group_ref idref="lg-4"/>
            </allocated_space>
            <available_space>
               <start_address>0x65c</start_address>
               <size>0x4</size>
            </available_space>
            <allocated_space>
               <start_address>0x660</start_address>
               <size>0x20</size>
               <logical_group_ref idref="lg-6"/>
            </allocated_space>
            <available_space>
               <start_address>0x680</start_address>
               <size>0x3f980</size>
            </available_space>
         </usage_details>
      </memory_area>
      <memory_area display="yes" color="green">
         <name>INFO</name>
         <page_id>0x0</page_id>
         <origin>0x200000</origin>
         <length>0x4000</length>
         <used_space>0x0</used_space>
         <unused_space>0x4000</unused_space>
         <attributes>RX</attributes>
         <usage_details>
         </usage_details>
      </memory_area>
      <memory_area display="yes" color="green">
         <name>SRAM_CODE</name>
         <page_id>0x0</page_id>
         <origin>0x1000000</origin>
         <length>0x10000</length>
         <used_space>0x21c</used_space>
         <unused_space>0xfde4</unused_space>
         <attributes>RWX</attributes>
         <usage_details>
            <allocated_space>
               <start_address>0x1000000</start_address>
               <size>0x0</size>
               <logical_group_ref idref="lg-185"/>
            </allocated_space>
            <allocated_space>
               <start_address>0x1000000</start_address>
               <size>0x1c</size>
               <logical_group_ref idref="lg-e"/>
            </allocated_space>
            <available_space>
               <start_address>0x100001c</start_address>
               <size>0xfde4</size>
            </available_space>
            <allocated_space>
               <start_address>0x100fe00</start_address>
               <size>0x200</size>
               <logical_group_ref idref="lg-11"/>
            </allocated_space>
         </usage_details>
      </memory_area>
      <memory_area display="yes" color="green">
         <name>SRAM_DATA</name>
         <page_id>0x0</page_id>
         <origin>0x20000000</origin>
         <length>0x10000</length>
         <used_space>0x21c</used_space>
         <unused_space>0xfde4</unused_space>
         <attributes>RW</attributes>
         <usage_details>
            <allocated_space>
               <start_address>0x20000000</start_address>
               <size>0x0</size>
               <logical_group_ref idref="lg-185"/>
            </allocated_space>
            <allocated_space>
               <start_address>0x20000000</start_address>
               <size>0x1c</size>
               <logical_group_ref idref="lg-e"/>
            </allocated_space>
            <available_space>
               <start_address>0x2000001c</start_address>
               <size>0xfde4</size>
            </available_space>
            <allocated_space>
               <start_address>0x2000fe00</start_address>
               <size>0x200</size>
               <logical_group_ref idref="lg-11"/>
            </allocated_space>
         </usage_details>
      </memory_area>
   </placement_map>
   <cptbl_list>
      <cptbl>
         <name>__TI_cinit_table</name>
         <cprec>
            <name>.data</name>
            <load_address>0x660</load_address>
            <load_size>0xd</load_size>
            <run_address>0x20000000</run_address>
            <run_size>0x1c</run_size>
            <compression>lzss</compression>
         </cprec>
      </cptbl>
   </cptbl_list>
   <handler_table>
      <handler_table_name>__TI_handler_table</handler_table_name>
      <handler>
         <index>0x0</index>
         <name>__TI_decompress_lzss</name>
      </handler>
      <handler>
         <index>0x1</index>
         <name>__TI_decompress_none</name>
      </handler>
   </handler_table>
   <symbol_table>
      <symbol id="sm-1">
         <name>WDTCTL_SYM</name>
         <value>0x4000480c</value>
      </symbol>
      <symbol id="sm-2">
         <name>__start___llvm_prf_cnts</name>
         <value>0x20000000</value>
      </symbol>
      <symbol id="sm-3">
         <name>__stop___llvm_prf_cnts</name>
         <value>0x20000000</value>
      </symbol>
      <symbol id="sm-4">
         <name>__TI_CINIT_Base</name>
         <value>0x678</value>
      </symbol>
      <symbol id="sm-5">
         <name>__TI_CINIT_Limit</name>
         <value>0x680</value>
      </symbol>
      <symbol id="sm-6">
         <name>__TI_Handler_Table_Base</name>
         <value>0x670</value>
      </symbol>
      <symbol id="sm-7">
         <name>__TI_Handler_Table_Limit</name>
         <value>0x678</value>
      </symbol>
      <symbol id="sm-8">
         <name>binit</name>
         <value>0xffffffff</value>
      </symbol>
      <symbol id="sm-9">
         <name>__binit__</name>
         <value>0xffffffff</value>
      </symbol>
      <symbol id="sm-a">
         <name>__STACK_SIZE</name>
         <value>0x200</value>
      </symbol>
      <symbol id="sm-b">
         <name>__STACK_END</name>
         <value>0x20010000</value>
      </symbol>
      <symbol id="sm-c">
         <name>__c_args__</name>
         <value>0xffffffff</value>
      </symbol>
      <symbol id="sm-d">
         <name>__TI_pprof_out_hndl</name>
         <value>0xffffffff</value>
      </symbol>
      <symbol id="sm-e">
         <name>__TI_prof_data_start</name>
         <value>0xffffffff</value>
      </symbol>
      <symbol id="sm-f">
         <name>__TI_prof_data_size</name>
         <value>0xffffffff</value>
      </symbol>
      <symbol id="sm-81">
         <name>Clock_Delay1ms</name>
         <value>0x3b7</value>
         <object_component_ref idref="oc-c3"/>
      </symbol>
      <symbol id="sm-82">
         <name>Crystalstable</name>
         <value>0x20000014</value>
         <object_component_ref idref="oc-118"/>
      </symbol>
      <symbol id="sm-83">
         <name>Clock_Delay1us</name>
         <value>0x3b5</value>
         <object_component_ref idref="oc-c3"/>
      </symbol>
      <symbol id="sm-84">
         <name>Clock_GetFreq</name>
         <value>0x3af</value>
         <object_component_ref idref="oc-c3"/>
      </symbol>
      <symbol id="sm-85">
         <name>Prewait</name>
         <value>0x20000004</value>
         <object_component_ref idref="oc-118"/>
      </symbol>
      <symbol id="sm-86">
         <name>IFlags</name>
         <value>0x20000010</value>
         <object_component_ref idref="oc-118"/>
      </symbol>
      <symbol id="sm-87">
         <name>ClockFrequency</name>
         <value>0x20000000</value>
         <object_component_ref idref="oc-118"/>
      </symbol>
      <symbol id="sm-88">
         <name>Postwait</name>
         <value>0x2000000c</value>
         <object_component_ref idref="oc-118"/>
      </symbol>
      <symbol id="sm-89">
         <name>delay</name>
         <value>0x2c5</value>
         <object_component_ref idref="oc-c3"/>
      </symbol>
      <symbol id="sm-8a">
         <name>CPMwait</name>
         <value>0x20000008</value>
         <object_component_ref idref="oc-118"/>
      </symbol>
      <symbol id="sm-8b">
         <name>Clock_Init48MHz</name>
         <value>0x2cb</value>
         <object_component_ref idref="oc-c3"/>
      </symbol>
      <symbol id="sm-a6">
         <name>led_init</name>
         <value>0x45b</value>
         <object_component_ref idref="oc-93"/>
      </symbol>
      <symbol id="sm-a7">
         <name>turn_off_led</name>
         <value>0x413</value>
         <object_component_ref idref="oc-93"/>
      </symbol>
      <symbol id="sm-a8">
         <name>main</name>
         <value>0x47f</value>
         <object_component_ref idref="oc-93"/>
      </symbol>
      <symbol id="sm-a9">
         <name>read_switch</name>
         <value>0x44b</value>
         <object_component_ref idref="oc-93"/>
      </symbol>
      <symbol id="sm-aa">
         <name>turn_on_led</name>
         <value>0x401</value>
         <object_component_ref idref="oc-93"/>
      </symbol>
      <symbol id="sm-ab">
         <name>switch_init</name>
         <value>0x41f</value>
         <object_component_ref idref="oc-93"/>
      </symbol>
      <symbol id="sm-c0">
         <name>Reset_Handler</name>
         <value>0x647</value>
         <object_component_ref idref="oc-67"/>
      </symbol>
      <symbol id="sm-c1">
         <name>Default_Handler</name>
         <value>0x653</value>
         <object_component_ref idref="oc-67"/>
      </symbol>
      <symbol id="sm-c2">
         <name>interruptVectors</name>
         <value>0x0</value>
         <object_component_ref idref="oc-26"/>
      </symbol>
      <symbol id="sm-f0">
         <name>SystemInit</name>
         <value>0xe5</value>
         <object_component_ref idref="oc-a5"/>
      </symbol>
      <symbol id="sm-f1">
         <name>SystemCoreClockUpdate</name>
         <value>0x13b</value>
         <object_component_ref idref="oc-a5"/>
      </symbol>
      <symbol id="sm-f2">
         <name>SystemCoreClock</name>
         <value>0x20000018</value>
         <object_component_ref idref="oc-109"/>
      </symbol>
      <symbol id="sm-10a">
         <name>__TI_decompress_none</name>
         <value>0x639</value>
         <object_component_ref idref="oc-1d"/>
      </symbol>
      <symbol id="sm-12d">
         <name>__TI_decompress_lzss</name>
         <value>0x559</value>
         <object_component_ref idref="oc-17"/>
      </symbol>
      <symbol id="sm-140">
         <name>__stack</name>
         <value>0x2000fe00</value>
         <object_component_ref idref="oc-29"/>
      </symbol>
      <symbol id="sm-141">
         <name>_c_int00_noargs</name>
         <value>0x605</value>
         <object_component_ref idref="oc-55"/>
      </symbol>
      <symbol id="sm-15c">
         <name>memcpy</name>
         <value>0x4bd</value>
         <object_component_ref idref="oc-37"/>
      </symbol>
      <symbol id="sm-15d">
         <name>__aeabi_memcpy</name>
         <value>0x4bd</value>
         <object_component_ref idref="oc-37"/>
      </symbol>
      <symbol id="sm-15e">
         <name>__aeabi_memcpy8</name>
         <value>0x4bd</value>
         <object_component_ref idref="oc-37"/>
      </symbol>
      <symbol id="sm-15f">
         <name>__aeabi_memcpy4</name>
         <value>0x4bd</value>
         <object_component_ref idref="oc-37"/>
      </symbol>
      <symbol id="sm-188">
         <name>__TI_auto_init_nobinit_nopinit</name>
         <value>0x5c1</value>
         <object_component_ref idref="oc-d7"/>
      </symbol>
      <symbol id="sm-192">
         <name>_system_pre_init</name>
         <value>0x655</value>
         <object_component_ref idref="oc-8d"/>
      </symbol>
      <symbol id="sm-19e">
         <name>C$$EXIT</name>
         <value>0x659</value>
         <object_component_ref idref="oc-cb"/>
      </symbol>
      <symbol id="sm-19f">
         <name>abort</name>
         <value>0x659</value>
         <object_component_ref idref="oc-cb"/>
      </symbol>
      <symbol id="sm-1a2">
         <name>__TI_static_base__</name>
         <value>0x0</value>
      </symbol>
      <symbol id="sm-1a5">
         <name>__mpu_init</name>
         <value>0x0</value>
      </symbol>
      <symbol id="sm-1a6">
         <name>_system_post_cinit</name>
         <value>0x0</value>
      </symbol>
      <symbol id="sm-1a7">
         <name>NMI_Handler</name>
         <value>0x653</value>
      </symbol>
      <symbol id="sm-1a8">
         <name>HardFault_Handler</name>
         <value>0x653</value>
      </symbol>
      <symbol id="sm-1a9">
         <name>MemManage_Handler</name>
         <value>0x653</value>
      </symbol>
      <symbol id="sm-1aa">
         <name>BusFault_Handler</name>
         <value>0x653</value>
      </symbol>
      <symbol id="sm-1ab">
         <name>UsageFault_Handler</name>
         <value>0x653</value>
      </symbol>
      <symbol id="sm-1ac">
         <name>SVC_Handler</name>
         <value>0x653</value>
      </symbol>
      <symbol id="sm-1ad">
         <name>DebugMon_Handler</name>
         <value>0x653</value>
      </symbol>
      <symbol id="sm-1ae">
         <name>PendSV_Handler</name>
         <value>0x653</value>
      </symbol>
      <symbol id="sm-1af">
         <name>SysTick_Handler</name>
         <value>0x653</value>
      </symbol>
      <symbol id="sm-1b0">
         <name>PSS_IRQHandler</name>
         <value>0x653</value>
      </symbol>
      <symbol id="sm-1b1">
         <name>CS_IRQHandler</name>
         <value>0x653</value>
      </symbol>
      <symbol id="sm-1b2">
         <name>PCM_IRQHandler</name>
         <value>0x653</value>
      </symbol>
      <symbol id="sm-1b3">
         <name>WDT_A_IRQHandler</name>
         <value>0x653</value>
      </symbol>
      <symbol id="sm-1b4">
         <name>FPU_IRQHandler</name>
         <value>0x653</value>
      </symbol>
      <symbol id="sm-1b5">
         <name>FLCTL_IRQHandler</name>
         <value>0x653</value>
      </symbol>
      <symbol id="sm-1b6">
         <name>COMP_E0_IRQHandler</name>
         <value>0x653</value>
      </symbol>
      <symbol id="sm-1b7">
         <name>COMP_E1_IRQHandler</name>
         <value>0x653</value>
      </symbol>
      <symbol id="sm-1b8">
         <name>TA0_0_IRQHandler</name>
         <value>0x653</value>
      </symbol>
      <symbol id="sm-1b9">
         <name>TA0_N_IRQHandler</name>
         <value>0x653</value>
      </symbol>
      <symbol id="sm-1ba">
         <name>TA1_0_IRQHandler</name>
         <value>0x653</value>
      </symbol>
      <symbol id="sm-1bb">
         <name>TA1_N_IRQHandler</name>
         <value>0x653</value>
      </symbol>
      <symbol id="sm-1bc">
         <name>TA2_0_IRQHandler</name>
         <value>0x653</value>
      </symbol>
      <symbol id="sm-1bd">
         <name>TA2_N_IRQHandler</name>
         <value>0x653</value>
      </symbol>
      <symbol id="sm-1be">
         <name>TA3_0_IRQHandler</name>
         <value>0x653</value>
      </symbol>
      <symbol id="sm-1bf">
         <name>TA3_N_IRQHandler</name>
         <value>0x653</value>
      </symbol>
      <symbol id="sm-1c0">
         <name>EUSCIA0_IRQHandler</name>
         <value>0x653</value>
      </symbol>
      <symbol id="sm-1c1">
         <name>EUSCIA1_IRQHandler</name>
         <value>0x653</value>
      </symbol>
      <symbol id="sm-1c2">
         <name>EUSCIA2_IRQHandler</name>
         <value>0x653</value>
      </symbol>
      <symbol id="sm-1c3">
         <name>EUSCIA3_IRQHandler</name>
         <value>0x653</value>
      </symbol>
      <symbol id="sm-1c4">
         <name>EUSCIB0_IRQHandler</name>
         <value>0x653</value>
      </symbol>
      <symbol id="sm-1c5">
         <name>EUSCIB1_IRQHandler</name>
         <value>0x653</value>
      </symbol>
      <symbol id="sm-1c6">
         <name>EUSCIB2_IRQHandler</name>
         <value>0x653</value>
      </symbol>
      <symbol id="sm-1c7">
         <name>EUSCIB3_IRQHandler</name>
         <value>0x653</value>
      </symbol>
      <symbol id="sm-1c8">
         <name>ADC14_IRQHandler</name>
         <value>0x653</value>
      </symbol>
      <symbol id="sm-1c9">
         <name>T32_INT1_IRQHandler</name>
         <value>0x653</value>
      </symbol>
      <symbol id="sm-1ca">
         <name>T32_INT2_IRQHandler</name>
         <value>0x653</value>
      </symbol>
      <symbol id="sm-1cb">
         <name>T32_INTC_IRQHandler</name>
         <value>0x653</value>
      </symbol>
      <symbol id="sm-1cc">
         <name>AES256_IRQHandler</name>
         <value>0x653</value>
      </symbol>
      <symbol id="sm-1cd">
         <name>RTC_C_IRQHandler</name>
         <value>0x653</value>
      </symbol>
      <symbol id="sm-1ce">
         <name>DMA_ERR_IRQHandler</name>
         <value>0x653</value>
      </symbol>
      <symbol id="sm-1cf">
         <name>DMA_INT3_IRQHandler</name>
         <value>0x653</value>
      </symbol>
      <symbol id="sm-1d0">
         <name>DMA_INT2_IRQHandler</name>
         <value>0x653</value>
      </symbol>
      <symbol id="sm-1d1">
         <name>DMA_INT1_IRQHandler</name>
         <value>0x653</value>
      </symbol>
      <symbol id="sm-1d2">
         <name>DMA_INT0_IRQHandler</name>
         <value>0x653</value>
      </symbol>
      <symbol id="sm-1d3">
         <name>PORT1_IRQHandler</name>
         <value>0x653</value>
      </symbol>
      <symbol id="sm-1d4">
         <name>PORT2_IRQHandler</name>
         <value>0x653</value>
      </symbol>
      <symbol id="sm-1d5">
         <name>PORT3_IRQHandler</name>
         <value>0x653</value>
      </symbol>
      <symbol id="sm-1d6">
         <name>PORT4_IRQHandler</name>
         <value>0x653</value>
      </symbol>
      <symbol id="sm-1d7">
         <name>PORT5_IRQHandler</name>
         <value>0x653</value>
      </symbol>
      <symbol id="sm-1d8">
         <name>PORT6_IRQHandler</name>
         <value>0x653</value>
      </symbol>
   </symbol_table>
   <title>Link successful</title>
</link_info>
